{"DefaultTint":{"r":0.6000000238418579,"g":0.6000000238418579,"b":0.699999988079071,"a":0.699999988079071},"FoldersData":{"Keys":["1a8a888319d0fd64597d22a38f8248a5","dd136db13e93a104bade0607c4391032","532387d3fe9eeb24a8fcfc61a9bf30ca"],"Values":[{"_guid":"1a8a888319d0fd64597d22a38f8248a5","_color":{"r":0.0,"g":0.3620412349700928,"b":1.0,"a":0.699999988079071},"_recursive":true},{"_guid":"dd136db13e93a104bade0607c4391032","_color":{"r":0.18222679197788239,"g":0.4738626778125763,"b":0.9905660152435303,"a":0.6980392336845398},"_recursive":true},{"_guid":"532387d3fe9eeb24a8fcfc61a9bf30ca","_color":{"r":0.37264150381088259,"g":0.5999452471733093,"b":1.0,"a":0.6980392336845398},"_recursive":true}]}}